label,mutant_index,wt_aa,t_aa,wt_seq,mt_seq,wt_emb,mt_emb
0.0,10,R,C,MCVGARRLGRGPCAALLLLGLGLSTVTGLHCVGDTYPSNDRCCHECRPGNGMVSRCSRSQNTVCRPCGPGFYNDVVSSKPCKPCTWCNLRSGSERKQLCTATQDTVCRCRAGTQPLDSYKPGVDCAPCPPGHFSPGDNQACKPWTNCTLAGKHTLQPASNSSDAICEDRDPPATQPQETQGPPARPITVQPTEAWPRTSQGPSTRPVEVPGGRAVAAILGLGLVLGLLGPLAILLALYLLRRDQRLPPDAHKPPGGGSFRTPIQEEQADAHSTLAKI,MCVGARRLGCGPCAALLLLGLGLSTVTGLHCVGDTYPSNDRCCHECRPGNGMVSRCSRSQNTVCRPCGPGFYNDVVSSKPCKPCTWCNLRSGSERKQLCTATQDTVCRCRAGTQPLDSYKPGVDCAPCPPGHFSPGDNQACKPWTNCTLAGKHTLQPASNSSDAICEDRDPPATQPQETQGPPARPITVQPTEAWPRTSQGPSTRPVEVPGGRAVAAILGLGLVLGLLGPLAILLALYLLRRDQRLPPDAHKPPGGGSFRTPIQEEQADAHSTLAKI,"[[-0.00410748 -0.14373244 -0.03931023 ... -0.04405007 -0.03096571
  -0.01390271]
 [-0.00026857 -0.09694391 -0.01923957 ... -0.0392345  -0.01780262
   0.0130869 ]]","[[-0.00410748 -0.14373244 -0.03931023 ... -0.04405007 -0.03096571
  -0.01390271]
 [-0.00026857 -0.09694391 -0.01923957 ... -0.0392345  -0.01780262
   0.0130869 ]]"
0.0,3,V,L,MCVGARRLGRGPCAALLLLGLGLSTVTGLHCVGDTYPSNDRCCHECRPGNGMVSRCSRSQNTVCRPCGPGFYNDVVSSKPCKPCTWCNLRSGSERKQLCTATQDTVCRCRAGTQPLDSYKPGVDCAPCPPGHFSPGDNQACKPWTNCTLAGKHTLQPASNSSDAICEDRDPPATQPQETQGPPARPITVQPTEAWPRTSQGPSTRPVEVPGGRAVAAILGLGLVLGLLGPLAILLALYLLRRDQRLPPDAHKPPGGGSFRTPIQEEQADAHSTLAKI,MCLGARRLGRGPCAALLLLGLGLSTVTGLHCVGDTYPSNDRCCHECRPGNGMVSRCSRSQNTVCRPCGPGFYNDVVSSKPCKPCTWCNLRSGSERKQLCTATQDTVCRCRAGTQPLDSYKPGVDCAPCPPGHFSPGDNQACKPWTNCTLAGKHTLQPASNSSDAICEDRDPPATQPQETQGPPARPITVQPTEAWPRTSQGPSTRPVEVPGGRAVAAILGLGLVLGLLGPLAILLALYLLRRDQRLPPDAHKPPGGGSFRTPIQEEQADAHSTLAKI,"[[-0.00410748 -0.14373244 -0.03931023 ... -0.04405007 -0.03096571
  -0.01390271]
 [-0.00026857 -0.09694391 -0.01923957 ... -0.0392345  -0.01780262
   0.0130869 ]]","[[-0.00410748 -0.14373244 -0.03931023 ... -0.04405007 -0.03096571
  -0.01390271]
 [-0.00026857 -0.09694391 -0.01923957 ... -0.0392345  -0.01780262
   0.0130869 ]]"
1.0,419,I,N,MALPSRILLWKLVLLQSSAVLLHSGSSVPAAAGSSVVSESAVSWEAGARAVLRCQSPRMVWTQDRLHDRQRVLHWDLRGPGGGPARRLLDLYSAGEQRVYEARDRGRLELSASAFDDGNFSLLIRAVEETDAGLYTCNLHHHYCHLYESLAVRLEVTDGPPATPAYWDGEKEVLAVARGAPALLTCVNRGHVWTDRHVEEAQQVVHWDRQPPGVPHDRADRLLDLYASGERRAYGPLFLRDRVAVGADAFERGDFSLRIEPLEVADEGTYSCHLHHHYCGLHERRVFHLTVAEPHAEPPPRGSPGNGSSHSGAPGPDPTLARGHNVINVIVPESRAHFFQQLGYVLATLLLFILLLVTVLLAARRRRGGYEYSDQKSGKSKGKDVNLAEFAVAAGDQMLYRSEDIQLASSPPTDYKNNILKERAELAHSPLPAKYIDLDKDPSGLCPLGA,MALPSRILLWKLVLLQSSAVLLHSGSSVPAAAGSSVVSESAVSWEAGARAVLRCQSPRMVWTQDRLHDRQRVLHWDLRGPGGGPARRLLDLYSAGEQRVYEARDRGRLELSASAFDDGNFSLLIRAVEETDAGLYTCNLHHHYCHLYESLAVRLEVTDGPPATPAYWDGEKEVLAVARGAPALLTCVNRGHVWTDRHVEEAQQVVHWDRQPPGVPHDRADRLLDLYASGERRAYGPLFLRDRVAVGADAFERGDFSLRIEPLEVADEGTYSCHLHHHYCGLHERRVFHLTVAEPHAEPPPRGSPGNGSSHSGAPGPDPTLARGHNVINVIVPESRAHFFQQLGYVLATLLLFILLLVTVLLAARRRRGGYEYSDQKSGKSKGKDVNLAEFAVAAGDQMLYRSEDIQLASSPPTDYKNNNLKERAELAHSPLPAKYIDLDKDPSGLCPLGA,"[[-0.00410748 -0.14373244 -0.03931023 ... -0.04405007 -0.03096571
  -0.01390271]
 [-0.00026857 -0.09694391 -0.01923957 ... -0.0392345  -0.01780262
   0.0130869 ]]","[[-0.00410748 -0.14373244 -0.03931023 ... -0.04405007 -0.03096571
  -0.01390271]
 [-0.00026857 -0.09694391 -0.01923957 ... -0.0392345  -0.01780262
   0.0130869 ]]"
1.0,30,E,K,MTCAYAPSGNYVACGGLDNICSIYNLKTREGNVRVSRELAGHTGYLSCCRFLDDNQIVTSSGDTTCALWDIETGQQTTTFTGHTGDVMSLSLAPDTRLFVSGACDASAKLWDVREGMCRQTFTGHESDINAICFFPNGNAFATGSDDATCRLFDLRADQELMTYSHDNIICGITSVSFSKSGRLLLAGYDDFNCNVWDALKADRAGVLAGHDNRVSCLGVTDDGMAVATGSWDSFLKIWN,MTCAYAPSGNYVACGGLDNICSIYNLKTRKGNVRVSRELAGHTGYLSCCRFLDDNQIVTSSGDTTCALWDIETGQQTTTFTGHTGDVMSLSLAPDTRLFVSGACDASAKLWDVREGMCRQTFTGHESDINAICFFPNGNAFATGSDDATCRLFDLRADQELMTYSHDNIICGITSVSFSKSGRLLLAGYDDFNCNVWDALKADRAGVLAGHDNRVSCLGVTDDGMAVATGSWDSFLKIWN,"[[-0.00410748 -0.14373244 -0.03931023 ... -0.04405007 -0.03096571
  -0.01390271]
 [-0.00026857 -0.09694391 -0.01923957 ... -0.0392345  -0.01780262
   0.0130869 ]]","[[-0.00410748 -0.14373244 -0.03931023 ... -0.04405007 -0.03096571
  -0.01390271]
 [-0.00026857 -0.09694391 -0.01923957 ... -0.0392345  -0.01780262
   0.0130869 ]]"
1.0,18,D,G,MTCAYAPSGNYVACGGLDNICSIYNLKTREGNVRVSRELAGHTGYLSCCRFLDDNQIVTSSGDTTCALWDIETGQQTTTFTGHTGDVMSLSLAPDTRLFVSGACDASAKLWDVREGMCRQTFTGHESDINAICFFPNGNAFATGSDDATCRLFDLRADQELMTYSHDNIICGITSVSFSKSGRLLLAGYDDFNCNVWDALKADRAGVLAGHDNRVSCLGVTDDGMAVATGSWDSFLKIWN,MTCAYAPSGNYVACGGLGNICSIYNLKTREGNVRVSRELAGHTGYLSCCRFLDDNQIVTSSGDTTCALWDIETGQQTTTFTGHTGDVMSLSLAPDTRLFVSGACDASAKLWDVREGMCRQTFTGHESDINAICFFPNGNAFATGSDDATCRLFDLRADQELMTYSHDNIICGITSVSFSKSGRLLLAGYDDFNCNVWDALKADRAGVLAGHDNRVSCLGVTDDGMAVATGSWDSFLKIWN,"[[-0.00410748 -0.14373244 -0.03931023 ... -0.04405007 -0.03096571
  -0.01390271]
 [-0.00026857 -0.09694391 -0.01923957 ... -0.0392345  -0.01780262
   0.0130869 ]]","[[-0.00410748 -0.14373244 -0.03931023 ... -0.04405007 -0.03096571
  -0.01390271]
 [-0.00026857 -0.09694391 -0.01923957 ... -0.0392345  -0.01780262
   0.0130869 ]]"
1.0,16,G,S,MTCAYAPSGNYVACGGLDNICSIYNLKTREGNVRVSRELAGHTGYLSCCRFLDDNQIVTSSGDTTCALWDIETGQQTTTFTGHTGDVMSLSLAPDTRLFVSGACDASAKLWDVREGMCRQTFTGHESDINAICFFPNGNAFATGSDDATCRLFDLRADQELMTYSHDNIICGITSVSFSKSGRLLLAGYDDFNCNVWDALKADRAGVLAGHDNRVSCLGVTDDGMAVATGSWDSFLKIWN,MTCAYAPSGNYVACGSLDNICSIYNLKTREGNVRVSRELAGHTGYLSCCRFLDDNQIVTSSGDTTCALWDIETGQQTTTFTGHTGDVMSLSLAPDTRLFVSGACDASAKLWDVREGMCRQTFTGHESDINAICFFPNGNAFATGSDDATCRLFDLRADQELMTYSHDNIICGITSVSFSKSGRLLLAGYDDFNCNVWDALKADRAGVLAGHDNRVSCLGVTDDGMAVATGSWDSFLKIWN,"[[-0.00410748 -0.14373244 -0.03931023 ... -0.04405007 -0.03096571
  -0.01390271]
 [-0.00026857 -0.09694391 -0.01923957 ... -0.0392345  -0.01780262
   0.0130869 ]]","[[-0.00410748 -0.14373244 -0.03931023 ... -0.04405007 -0.03096571
  -0.01390271]
 [-0.00026857 -0.09694391 -0.01923957 ... -0.0392345  -0.01780262
   0.0130869 ]]"
0.0,220,R,C,MDAPARLLAPLLLLCAQQLRGTRAMNDIGDYVGSNLEISWLPNLDGLIAGYARNFRPGIGGPPVNVALALEVASIDHISEANMEYTMTVFLHQSWRDSRLSYNHTNETLGLDSRFVDKLWLPDTFIVNAKSAWFHDVTVENKLIRLQPDGVILYSIRITSTVACDMDLAKYPMDEQECMLDLESYGYSSEDIVYYWSESQEHIHGLDKLQLAQFTITSYRFTTELMNFKSAGQFPRLSLHFHLRRNRGVYIIQSYMPSVLLVAMSWVSFWISQAAVPARVSLGITTVLTMTTLMVSARSSLPRASAIKALDVYFWICYVFVFAALVEYAFAHFNADYRKKQKAKVKVSRPRAEMDVRNAIVLFSLSAAGVTQELAISRRQRRVPGNLMGSYRSVGVETGETKKEGAARSGGQGGIRARLRPIDADTIDIYARAVFPAAFAAVNVIYWAAYAM,MDAPARLLAPLLLLCAQQLRGTRAMNDIGDYVGSNLEISWLPNLDGLIAGYARNFRPGIGGPPVNVALALEVASIDHISEANMEYTMTVFLHQSWRDSRLSYNHTNETLGLDSRFVDKLWLPDTFIVNAKSAWFHDVTVENKLIRLQPDGVILYSIRITSTVACDMDLAKYPMDEQECMLDLESYGYSSEDIVYYWSESQEHIHGLDKLQLAQFTITSYCFTTELMNFKSAGQFPRLSLHFHLRRNRGVYIIQSYMPSVLLVAMSWVSFWISQAAVPARVSLGITTVLTMTTLMVSARSSLPRASAIKALDVYFWICYVFVFAALVEYAFAHFNADYRKKQKAKVKVSRPRAEMDVRNAIVLFSLSAAGVTQELAISRRQRRVPGNLMGSYRSVGVETGETKKEGAARSGGQGGIRARLRPIDADTIDIYARAVFPAAFAAVNVIYWAAYAM,"[[-0.00410748 -0.14373244 -0.03931023 ... -0.04405007 -0.03096571
  -0.01390271]
 [-0.00026857 -0.09694391 -0.01923957 ... -0.0392345  -0.01780262
   0.0130869 ]]","[[-0.00410748 -0.14373244 -0.03931023 ... -0.04405007 -0.03096571
  -0.01390271]
 [-0.00026857 -0.09694391 -0.01923957 ... -0.0392345  -0.01780262
   0.0130869 ]]"
0.0,220,R,H,MDAPARLLAPLLLLCAQQLRGTRAMNDIGDYVGSNLEISWLPNLDGLIAGYARNFRPGIGGPPVNVALALEVASIDHISEANMEYTMTVFLHQSWRDSRLSYNHTNETLGLDSRFVDKLWLPDTFIVNAKSAWFHDVTVENKLIRLQPDGVILYSIRITSTVACDMDLAKYPMDEQECMLDLESYGYSSEDIVYYWSESQEHIHGLDKLQLAQFTITSYRFTTELMNFKSAGQFPRLSLHFHLRRNRGVYIIQSYMPSVLLVAMSWVSFWISQAAVPARVSLGITTVLTMTTLMVSARSSLPRASAIKALDVYFWICYVFVFAALVEYAFAHFNADYRKKQKAKVKVSRPRAEMDVRNAIVLFSLSAAGVTQELAISRRQRRVPGNLMGSYRSVGVETGETKKEGAARSGGQGGIRARLRPIDADTIDIYARAVFPAAFAAVNVIYWAAYAM,MDAPARLLAPLLLLCAQQLRGTRAMNDIGDYVGSNLEISWLPNLDGLIAGYARNFRPGIGGPPVNVALALEVASIDHISEANMEYTMTVFLHQSWRDSRLSYNHTNETLGLDSRFVDKLWLPDTFIVNAKSAWFHDVTVENKLIRLQPDGVILYSIRITSTVACDMDLAKYPMDEQECMLDLESYGYSSEDIVYYWSESQEHIHGLDKLQLAQFTITSYHFTTELMNFKSAGQFPRLSLHFHLRRNRGVYIIQSYMPSVLLVAMSWVSFWISQAAVPARVSLGITTVLTMTTLMVSARSSLPRASAIKALDVYFWICYVFVFAALVEYAFAHFNADYRKKQKAKVKVSRPRAEMDVRNAIVLFSLSAAGVTQELAISRRQRRVPGNLMGSYRSVGVETGETKKEGAARSGGQGGIRARLRPIDADTIDIYARAVFPAAFAAVNVIYWAAYAM,"[[-0.00410748 -0.14373244 -0.03931023 ... -0.04405007 -0.03096571
  -0.01390271]
 [-0.00026857 -0.09694391 -0.01923957 ... -0.0392345  -0.01780262
   0.0130869 ]]","[[-0.00410748 -0.14373244 -0.03931023 ... -0.04405007 -0.03096571
  -0.01390271]
 [-0.00026857 -0.09694391 -0.01923957 ... -0.0392345  -0.01780262
   0.0130869 ]]"
0.0,384,P,S,MDAPARLLAPLLLLCAQQLRGTRAMNDIGDYVGSNLEISWLPNLDGLIAGYARNFRPGIGGPPVNVALALEVASIDHISEANMEYTMTVFLHQSWRDSRLSYNHTNETLGLDSRFVDKLWLPDTFIVNAKSAWFHDVTVENKLIRLQPDGVILYSIRITSTVACDMDLAKYPMDEQECMLDLESYGYSSEDIVYYWSESQEHIHGLDKLQLAQFTITSYRFTTELMNFKSAGQFPRLSLHFHLRRNRGVYIIQSYMPSVLLVAMSWVSFWISQAAVPARVSLGITTVLTMTTLMVSARSSLPRASAIKALDVYFWICYVFVFAALVEYAFAHFNADYRKKQKAKVKVSRPRAEMDVRNAIVLFSLSAAGVTQELAISRRQRRVPGNLMGSYRSVGVETGETKKEGAARSGGQGGIRARLRPIDADTIDIYARAVFPAAFAAVNVIYWAAYAM,MDAPARLLAPLLLLCAQQLRGTRAMNDIGDYVGSNLEISWLPNLDGLIAGYARNFRPGIGGPPVNVALALEVASIDHISEANMEYTMTVFLHQSWRDSRLSYNHTNETLGLDSRFVDKLWLPDTFIVNAKSAWFHDVTVENKLIRLQPDGVILYSIRITSTVACDMDLAKYPMDEQECMLDLESYGYSSEDIVYYWSESQEHIHGLDKLQLAQFTITSYRFTTELMNFKSAGQFPRLSLHFHLRRNRGVYIIQSYMPSVLLVAMSWVSFWISQAAVPARVSLGITTVLTMTTLMVSARSSLPRASAIKALDVYFWICYVFVFAALVEYAFAHFNADYRKKQKAKVKVSRPRAEMDVRNAIVLFSLSAAGVTQELAISRRQRRVSGNLMGSYRSVGVETGETKKEGAARSGGQGGIRARLRPIDADTIDIYARAVFPAAFAAVNVIYWAAYAM,"[[-0.00410748 -0.14373244 -0.03931023 ... -0.04405007 -0.03096571
  -0.01390271]
 [-0.00026857 -0.09694391 -0.01923957 ... -0.0392345  -0.01780262
   0.0130869 ]]","[[-0.00410748 -0.14373244 -0.03931023 ... -0.04405007 -0.03096571
  -0.01390271]
 [-0.00026857 -0.09694391 -0.01923957 ... -0.0392345  -0.01780262
   0.0130869 ]]"
